N,time,number of swaps
100,15,584
500,271,11174
1000,1024,40715
2000,4013,168351
3000,9680,324587
4000,17228,662602
5000,25084,884268
10000,100694,3689704
15000,224669,7542882
20000,400186,15864965
25000,620068,20710734
40000,1.64282e+06,65765980
60000,3.60961e+06,140738449
80000,6.41026e+06,263670057
100000,1.00506e+07,386620533
