N,time,number of swaps
100,18,426
500,276,4183
1000,1057,15901
2000,3820,64263
3000,25606,123370
4000,14807,202332
5000,23085,318534
10000,92408,1121236
15000,223769,2427393
20000,375421,4268931
25000,569236,6534490
40000,1.47507e+06,16457779
60000,3.29359e+06,37465027
80000,6.01152e+06,66035747
100000,9.10706e+06,102664754
