N,time,number of swaps
100,17,1562
500,369,48640
1000,1475,207609
2000,5997,896081
3000,13771,2056300
4000,25288,3714956
5000,39125,5895887
10000,157914,23815320
15000,355454,54848151
20000,652038,97715247
25000,1.0161e+06,154335328
40000,2.58874e+06,399330333
60000,5.79801e+06,898851868
80000,1.04706e+07,1598795385
100000,1.62197e+07,2495353875
